Customer_ID,Feedback
101,"Horrible experience, will never return!"
102,Customer service was rude and unhelpful.
103,"The service was excellent, very satisfied!"
104,Would definitely come back again!
105,Would definitely come back again!
106,"Didn't meet my expectations, sadly."
107,Great ambiance and well-maintained place.
108,The product quality is outstanding!
109,Food was cold and took too long to arrive.
110,Great ambiance and well-maintained place.
111,Great ambiance and well-maintained place.
112,Waited too long for assistance.
113,They went above and beyond to help me!
114,Customer service was rude and unhelpful.
115,Loved the friendly staff and quick service.
116,"The service was excellent, very satisfied!"
117,Very disappointed with the experience.
118,"Fantastic place, great energy!"
119,"It was okay, nothing special."
120,Customer service was rude and unhelpful.
121,The product quality is outstanding!
122,Customer service was rude and unhelpful.
123,Very disappointed with the experience.
124,Would definitely come back again!
125,"The service was excellent, very satisfied!"
126,The product quality is outstanding!
127,Would definitely come back again!
128,Great ambiance and well-maintained place.
129,Customer service was rude and unhelpful.
130,Loved the friendly staff and quick service.
131,Customer service was rude and unhelpful.
132,"Superb quality, very happy with my purchase."
133,The product quality is outstanding!
134,The product quality is outstanding!
135,"The service was excellent, very satisfied!"
136,Very disappointed with the experience.
137,"Fantastic place, great energy!"
138,Food was cold and took too long to arrive.
139,Smooth and hassle-free process.
140,Not worth the money I spent.
141,The product quality is outstanding!
142,"Amazing experience, highly recommend!"
143,Not worth the money I spent.
144,Would definitely come back again!
145,They went above and beyond to help me!
146,Would definitely come back again!
147,Smooth and hassle-free process.
148,"Didn't meet my expectations, sadly."
149,"The service was excellent, very satisfied!"
150,Not worth the money I spent.
151,Would definitely come back again!
152,Not happy with the customer support.
153,Great ambiance and well-maintained place.
154,"Fantastic place, great energy!"
155,They went above and beyond to help me!
156,They went above and beyond to help me!
157,Very disappointed with the experience.
158,"Fantastic place, great energy!"
159,"Horrible experience, will never return!"
160,"It was okay, nothing special."
161,Very disappointed with the experience.
162,"Amazing experience, highly recommend!"
163,Very disappointed with the experience.
164,They went above and beyond to help me!
165,They went above and beyond to help me!
166,Smooth and hassle-free process.
167,Customer service was rude and unhelpful.
168,Loved the friendly staff and quick service.
169,Loved the friendly staff and quick service.
170,Customer service was rude and unhelpful.
171,"Didn't meet my expectations, sadly."
172,Loved the friendly staff and quick service.
173,"Didn't meet my expectations, sadly."
174,"Horrible experience, will never return!"
175,Very disappointed with the experience.
176,"Amazing experience, highly recommend!"
177,Not worth the money I spent.
178,"Delivery was super fast, very impressed."
179,"Superb quality, very happy with my purchase."
180,"Fantastic place, great energy!"
181,They went above and beyond to help me!
182,They went above and beyond to help me!
183,The product quality is outstanding!
184,Great ambiance and well-maintained place.
185,Customer service was rude and unhelpful.
186,Food was cold and took too long to arrive.
187,The product quality is outstanding!
188,"Delivery was super fast, very impressed."
189,They went above and beyond to help me!
190,"Delivery was super fast, very impressed."
191,Not worth the money I spent.
192,Loved the friendly staff and quick service.
193,Loved the friendly staff and quick service.
194,"The service was excellent, very satisfied!"
195,"Didn't meet my expectations, sadly."
196,Loved the friendly staff and quick service.
197,Waited too long for assistance.
198,Would definitely come back again!
199,"Superb quality, very happy with my purchase."
200,Not worth the money I spent.
